Butterfly File,Category
0020039.png,2
0020061.png,2
0060054.png,6
0020121.png,2
0080037.png,8
0040010.png,4
0030004.png,3
0100097.png,10
0010076.png,1
0070053.png,7
0060179.png,6
0020154.png,2
0100162.png,10
0070014.png,7
0070022.png,7
0050048.png,5
0030049.png,3
0010051.png,1
0040161.png,4
0090178.png,9
0020160.png,2
0090125.png,9
0100023.png,10
0030058.png,3
0010028.png,1
0070044.png,7
0060218.png,6
0090044.png,9
0070004.png,7
0050004.png,5
0050009.png,5
0090054.png,9
0090053.png,9
0090215.png,9
0100037.png,10
0060039.png,6
0070104.png,7
0050052.png,5
0040133.png,4
0010038.png,1
0030017.png,3
0100111.png,10
0080036.png,8
0060175.png,6
0100110.png,10
0040002.png,4
0020143.png,2
0020101.png,2
0020135.png,2
0040030.png,4
0050068.png,5
0020033.png,2
0010024.png,1
0050057.png,5
0020031.png,2
0070056.png,7
0070103.png,7
0020120.png,2
0090157.png,9
0030015.png,3
0100051.png,10
0040065.png,4
0080050.png,8
0080039.png,8
0060087.png,6
0100072.png,10
0090006.png,9
0060129.png,6
0040057.png,4
0080025.png,8
0020004.png,2
0040145.png,4
0010079.png,1
0020052.png,2
0090010.png,9
0060171.png,6
0090109.png,9
0040071.png,4
0100126.png,10
0020088.png,2
0100153.png,10
0020092.png,2
0050047.png,5
0030021.png,3
0100067.png,10
0010017.png,1
0010020.png,1
0010032.png,1
0080008.png,8
0050031.png,5
0050087.png,5
0040044.png,4
0030014.png,3
0070011.png,7
0060120.png,6
0030054.png,3
0070026.png,7
0100024.png,10
0070098.png,7
0050088.png,5
0100149.png,10
0010043.png,1
0080006.png,8
0010039.png,1
0020040.png,2
0070008.png,7
0010077.png,1
0030026.png,3
0020115.png,2
0060092.png,6
0040073.png,4
0050044.png,5
0060117.png,6
0060145.png,6
0070123.png,7
0010022.png,1
0050041.png,5
0030003.png,3
0030006.png,3
0090123.png,9
0030034.png,3
0070096.png,7
0040144.png,4
0040143.png,4
0090062.png,9
0050090.png,5
0100154.png,10
0060209.png,6
0080059.png,8
0010015.png,1
0020128.png,2
0070065.png,7
0040117.png,4
0070037.png,7
0050046.png,5
0010009.png,1
0010072.png,1
0020060.png,2
0020076.png,2
0020133.png,2
0070057.png,7
0060164.png,6
0070093.png,7
0040052.png,4
0080046.png,8
0080012.png,8
0030036.png,3
0010031.png,1
0100133.png,10
0070012.png,7
0030028.png,3
0070086.png,7
0100019.png,10
0030031.png,3
0060025.png,6
0080010.png,8
0060106.png,6
0100089.png,10
0080043.png,8
0100123.png,10
0070032.png,7
0080001.png,8
0040036.png,4
0080022.png,8
0010061.png,1
0080058.png,8
0010036.png,1
0040048.png,4
0030042.png,3
0020042.png,2
0060105.png,6
0040064.png,4
0060113.png,6
0050012.png,5
0030059.png,3
0030060.png,3
0090069.png,9
0060152.png,6
0040009.png,4
0010071.png,1
0050023.png,5
0080016.png,8
0090013.png,9
0060108.png,6
0040120.png,4
0030024.png,3
0060183.png,6
0060094.png,6
0100005.png,10
0070082.png,7
0050045.png,5
0010074.png,1
0010037.png,1
0010029.png,1
0080020.png,8
0080007.png,8
0020181.png,2
0040098.png,4
0020017.png,2
0050073.png,5
0090118.png,9
0080040.png,8
0010026.png,1
0030041.png,3
0050080.png,5
0100128.png,10
0070063.png,7
0060056.png,6
0050049.png,5
0030010.png,3
0030018.png,3
0100124.png,10
0020155.png,2
0040168.png,4
0030016.png,3
0010067.png,1
0020008.png,2
0050028.png,5
0050083.png,5
0020110.png,2
0050036.png,5
0010048.png,1
0010019.png,1
0060177.png,6
0070034.png,7
0040045.png,4
0090160.png,9
0040018.png,4
0030045.png,3
0050058.png,5
0090067.png,9
0100031.png,10
0040034.png,4
0020028.png,2
0100036.png,10
0060072.png,6
0040110.png,4
0080028.png,8
0040033.png,4
0010040.png,1
0060023.png,6
0090001.png,9
0090099.png,9
0070075.png,7
0010052.png,1
0100166.png,10
0090107.png,9
0020021.png,2
0100172.png,10
0060197.png,6
0060199.png,6
0040070.png,4
0070016.png,7
0050089.png,5
0090024.png,9
0080014.png,8
0040003.png,4
0020169.png,2
0040119.png,4
0050034.png,5
0090176.png,9
0060059.png,6
0070092.png,7
0090092.png,9
0090221.png,9
0090188.png,9
0090201.png,9
0040061.png,4
0060166.png,6
0060088.png,6
0040164.png,4
0100130.png,10
0090116.png,9
0050011.png,5
0030002.png,3
0100050.png,10
0070124.png,7
0100113.png,10
0090184.png,9
0090114.png,9
0050079.png,5
0020159.png,2
0060038.png,6
0100016.png,10
0100096.png,10
0090011.png,9
0100045.png,10
0010011.png,1
0020071.png,2
0090203.png,9
0070112.png,7
0060139.png,6
0030030.png,3
0100029.png,10
0040088.png,4
0010050.png,1
0070046.png,7
0040066.png,4
0050005.png,5
0020167.png,2
0010002.png,1
0020145.png,2
0050027.png,5
0020055.png,2
0040149.png,4
0090039.png,9
0030023.png,3
0080042.png,8
0030046.png,3
0090165.png,9
0010047.png,1
0060080.png,6
0090041.png,9
0070079.png,7
0090119.png,9
0030039.png,3
0080049.png,8
0100163.png,10
0040121.png,4
0030009.png,3
0050051.png,5
0020153.png,2
0080031.png,8
0050037.png,5
0060217.png,6
0100107.png,10
0080003.png,8
0010055.png,1
0070080.png,7
0010075.png,1
0010085.png,1
0100091.png,10
0100008.png,10
0070108.png,7
0100148.png,10
0080017.png,8
0020054.png,2
0010065.png,1
0050019.png,5
0050077.png,5
0010001.png,1
0090140.png,9
0020119.png,2
0040134.png,4
0050064.png,5
0070111.png,7
0040128.png,4
0070081.png,7
0040037.png,4
0080052.png,8
0070072.png,7
0020096.png,2
0020050.png,2
0020139.png,2
0090177.png,9
0100120.png,10
0080038.png,8
0040099.png,4
0050084.png,5
0050001.png,5
0080004.png,8
0050039.png,5
0090065.png,9
0080005.png,8
0090105.png,9
0010059.png,1
0080053.png,8
0070024.png,7
0020098.png,2
0090049.png,9
0020091.png,2
0040035.png,4
0070121.png,7
0090110.png,9
0080047.png,8
0020087.png,2
0010033.png,1
0100157.png,10
0060200.png,6
0040062.png,4
0020095.png,2
0070005.png,7
0090147.png,9
0040127.png,4
0030005.png,3
0070060.png,7
0040157.png,4
0100082.png,10
0080029.png,8
0070003.png,7
0070006.png,7
0100018.png,10
0070069.png,7
0100022.png,10
0070030.png,7
0060185.png,6
0080032.png,8
0040078.png,4
0100099.png,10
0020078.png,2
0050060.png,5
0060188.png,6
0060193.png,6
0090078.png,9
0100047.png,10
0070110.png,7
0060172.png,6
0040069.png,4
0060136.png,6
0090084.png,9
0030055.png,3
0100042.png,10
0060151.png,6
0090134.png,9
0020138.png,2
0060194.png,6
0040152.png,4
0060043.png,6
0040051.png,4
0060049.png,6
0050067.png,5
0060115.png,6
0040019.png,4
0020072.png,2
0020020.png,2
0060138.png,6
0090162.png,9
0040102.png,4
0090087.png,9
0050021.png,5
0100034.png,10
0040141.png,4
0020141.png,2
0040170.png,4
0040015.png,4
0070017.png,7
0040136.png,4
0010057.png,1
0010083.png,1
0030040.png,3
0090146.png,9
0030057.png,3
0040042.png,4
0030052.png,3
0090223.png,9
0040169.png,4
0010013.png,1
0030044.png,3
0050015.png,5
0020168.png,2
0050061.png,5
0080035.png,8
0020085.png,2
0100175.png,10
0040038.png,4
0070115.png,7
0030001.png,3
0070047.png,7
0030035.png,3
0090135.png,9
0040124.png,4
0070045.png,7
0100122.png,10
0060153.png,6
0070064.png,7
0080048.png,8
0050042.png,5
0100028.png,10
0040022.png,4
0090060.png,9
0020176.png,2
0050003.png,5
0060214.png,6
0060163.png,6
0100176.png,10
0010068.png,1
0050040.png,5
0080018.png,8
0100079.png,10
0060009.png,6
0090145.png,9
0070033.png,7
0040017.png,4
0010004.png,1
0070025.png,7
0060034.png,6
0030053.png,3
0040049.png,4
0020015.png,2
0060127.png,6
0040138.png,4
0060077.png,6
0090144.png,9
0040082.png,4
0080002.png,8
0100030.png,10
0090212.png,9
0060195.png,6
0060147.png,6
0070076.png,7
0050081.png,5
0010007.png,1
0080013.png,8
0060126.png,6
0100151.png,10
0060098.png,6
0020046.png,2
0040122.png,4
0030047.png,3
0060037.png,6
0090225.png,9
0100025.png,10
0010014.png,1
0060128.png,6
0010041.png,1
0100092.png,10
0090136.png,9
0040001.png,4
0040087.png,4
0050006.png,5
0100093.png,10
0090061.png,9
0060107.png,6
0020073.png,2
0030025.png,3
0010054.png,1
0010063.png,1
0020044.png,2
0020057.png,2
0090175.png,9
0100020.png,10
0070059.png,7
0010012.png,1
0070019.png,7
0100012.png,10
0090226.png,9
0090038.png,9
0090100.png,9
0010005.png,1
0070078.png,7
0100003.png,10
0020186.png,2
0020082.png,2
0070097.png,7
0100041.png,10
0070029.png,7
0070050.png,7
0060041.png,6
0040024.png,4
0050072.png,5
0040095.png,4
0080024.png,8
0060212.png,6
0060086.png,6
0090103.png,9
0100044.png,10
0090096.png,9
0080044.png,8
0050008.png,5
0090122.png,9
0030033.png,3
0010060.png,1
0070117.png,7
0040056.png,4
0010034.png,1
0050029.png,5
0100143.png,10
0020151.png,2
0080034.png,8
0100171.png,10
0020070.png,2
0090098.png,9
0070010.png,7
0090191.png,9
0020144.png,2
0080054.png,8
0010046.png,1
0100137.png,10
0010044.png,1
0060047.png,6
0060045.png,6
0020074.png,2
0060050.png,6
0070106.png,7
0070027.png,7
0020164.png,2
0020174.png,2
0090127.png,9
0040159.png,4
0090022.png,9
0040155.png,4
0050076.png,5
0080057.png,8
0070074.png,7
0060160.png,6
0100145.png,10
0070007.png,7
0030013.png,3
0070102.png,7
0080041.png,8
0080026.png,8
0060030.png,6
0040055.png,4
0100155.png,10
0020023.png,2
0100054.png,10
0070083.png,7
0090132.png,9
0020142.png,2
0010035.png,1
0100086.png,10
0060074.png,6
0060091.png,6
0020117.png,2
0010084.png,1
0050071.png,5
0060100.png,6
0100006.png,10
0020063.png,2
0060097.png,6
0090086.png,9
0060159.png,6
0010056.png,1
0050018.png,5
0010018.png,1
0070039.png,7
0040142.png,4
0030037.png,3
0020112.png,2
0100039.png,10
0090129.png,9
0020037.png,2
0040113.png,4
0060224.png,6
0020171.png,2
0080030.png,8
0100115.png,10
0070020.png,7
0060206.png,6
0070061.png,7
0070085.png,7
0020111.png,2
0080009.png,8
0050050.png,5
0050059.png,5
0020104.png,2
0050063.png,5
0090032.png,9
0090204.png,9
0030048.png,3
0030027.png,3
0060142.png,6
0050043.png,5
0010021.png,1
0030032.png,3
0030056.png,3
0050020.png,5
0050013.png,5
0030008.png,3
0010025.png,1
0050054.png,5
0060125.png,6
0090033.png,9
0020146.png,2
0050056.png,5
0060204.png,6
0100136.png,10
0070036.png,7
0060048.png,6
0040104.png,4
0080055.png,8
0070052.png,7
0070001.png,7
0100165.png,10
0020027.png,2
0020147.png,2
0090182.png,9
0100009.png,10
0020125.png,2
0060186.png,6
0040089.png,4
0040114.png,4
0070038.png,7
0030043.png,3
0060046.png,6
0020175.png,2
0100077.png,10
0010069.png,1
0080051.png,8
0020136.png,2
0020030.png,2
0030011.png,3
0020024.png,2
0090014.png,9
0060084.png,6
0050010.png,5
0060146.png,6
0030051.png,3
0010030.png,1
0050032.png,5
0010045.png,1
0090180.png,9
0010082.png,1
0060026.png,6
0070114.png,7
0050026.png,5
0100119.png,10
0040046.png,4
0020034.png,2
0020026.png,2
0050062.png,5
0010042.png,1
0070084.png,7
0040031.png,4
0010073.png,1
0030007.png,3
0050022.png,5
0040105.png,4
0010027.png,1
0030062.png,3
0020064.png,2
0090076.png,9
0060093.png,6
0050024.png,5
0050025.png,5
0070088.png,7
0070099.png,7
0070055.png,7
0050065.png,5
0090028.png,9
0090097.png,9
0050078.png,5
0010062.png,1
0020041.png,2
0070066.png,7
0010064.png,1
0010053.png,1
0060118.png,6
0030050.png,3
0100058.png,10
0020105.png,2
0080027.png,8
0030061.png,3
0010086.png,1
0050066.png,5
0090130.png,9
0070100.png,7
0020016.png,2
0050007.png,5
0010008.png,1
0040013.png,4
0090143.png,9
0040047.png,4
0100147.png,10
0060029.png,6
0100173.png,10
0020003.png,2
0070107.png,7
0070062.png,7
0090115.png,9
0010066.png,1
0050091.png,5
0050086.png,5
0030020.png,3
0050002.png,5
0030022.png,3
0080033.png,8
0060154.png,6
0050082.png,5
0090219.png,9
0090126.png,9
0100134.png,10
0090156.png,9
0070101.png,7
0040146.png,4
0010010.png,1
0060036.png,6
0100160.png,10
0060123.png,6
0070094.png,7
0100132.png,10
0070068.png,7
0080045.png,8
0010058.png,1
0010049.png,1
0080021.png,8
0020058.png,2
0060198.png,6
0050074.png,5
0030029.png,3
0020161.png,2
0070105.png,7
0050038.png,5
0040158.png,4
0040111.png,4
0010023.png,1
0050055.png,5
0060021.png,6
0060180.png,6
0010070.png,1
0040058.png,4
0050035.png,5
0030012.png,3
0040084.png,4
0100150.png,10
0050075.png,5
0060157.png,6
0040130.png,4
0050014.png,5
0030038.png,3
0050069.png,5
0060228.png,6
0020081.png,2
0060150.png,6
0050016.png,5
0090152.png,9
0050070.png,5
0080019.png,8
0060063.png,6
0100038.png,10
0090117.png,9
0050085.png,5
0050030.png,5
0040068.png,4
0010006.png,1
0070043.png,7
0010078.png,1
0060007.png,6
0090027.png,9
0060131.png,6
0040074.png,4
0090088.png,9
